session_id,user_id,session_start,session_end
1,68,2024-01-02 11:41:00,2024-01-21 06:25:00
2,53,2024-02-04 10:26:00,2024-01-21 00:54:00
3,30,2024-03-23 04:36:00,2024-03-14 08:41:00
4,71,2024-03-25 21:30:00,2024-01-19 14:01:00
5,41,2024-03-19 10:54:00,2024-01-22 10:00:00
6,91,2024-03-04 23:45:00,2024-01-16 06:20:00
7,52,2024-03-26 11:58:00,2024-02-06 23:21:00
8,85,2024-02-29 16:32:00,2024-01-27 05:52:00
9,35,2024-01-19 05:06:00,2024-03-16 10:00:00
10,27,2024-03-04 19:30:00,2024-02-25 11:33:00
11,62,2024-03-28 06:55:00,2024-03-09 00:10:00
12,68,2024-03-27 06:54:00,2024-02-18 05:38:00
13,55,2024-03-06 17:26:00,2024-03-23 10:48:00
14,60,2024-02-20 21:30:00,2024-03-12 16:48:00
15,88,2024-03-09 06:56:00,2024-03-11 13:36:00
16,85,2024-02-18 19:20:00,2024-02-02 22:01:00
17,35,2024-03-13 07:30:00,2024-02-01 09:50:00
18,86,2024-03-28 15:15:00,2024-03-17 01:25:00
19,48,2024-02-17 11:32:00,2024-02-12 14:31:00
20,67,2024-03-26 15:20:00,2024-01-08 10:26:00
21,26,2024-03-05 00:48:00,2024-01-13 10:05:00
22,92,2024-03-06 17:40:00,2024-03-04 10:46:00
23,98,2024-03-02 13:52:00,2024-03-26 00:25:00
24,54,2024-01-30 10:03:00,2024-03-20 05:32:00
25,12,2024-02-01 00:33:00,2024-03-04 12:00:00
26,78,2024-03-18 14:27:00,2024-03-11 02:37:00
27,90,2024-03-27 14:33:00,2024-01-21 00:41:00
28,89,2024-03-30 23:20:00,2024-01-04 02:19:00
29,60,2024-03-03 04:47:00,2024-01-13 12:30:00
30,22,2024-02-06 10:56:00,2024-03-23 16:27:00
31,91,2024-01-06 13:09:00,2024-03-23 04:40:00
32,66,2024-03-06 11:26:00,2024-03-11 04:08:00
33,58,2024-01-26 22:04:00,2024-02-25 21:09:00
34,47,2024-02-07 12:26:00,2024-01-15 18:18:00
35,50,2024-02-29 03:47:00,2024-01-22 09:57:00
36,7,2024-03-26 16:27:00,2024-01-20 05:43:00
37,76,2024-01-28 16:38:00,2024-02-10 13:14:00
38,70,2024-01-27 03:24:00,2024-03-29 15:12:00
39,69,2024-01-17 23:55:00,2024-02-19 04:05:00
40,34,2024-01-20 22:16:00,2024-02-11 02:12:00
41,57,2024-03-19 09:13:00,2024-01-27 13:21:00
42,3,2024-02-29 16:02:00,2024-03-16 15:00:00
43,65,2024-03-14 12:17:00,2024-01-21 23:48:00
44,18,2024-01-30 06:13:00,2024-02-06 22:42:00
45,65,2024-03-02 12:07:00,2024-03-14 14:35:00
46,26,2024-02-29 08:49:00,2024-01-05 19:10:00
47,63,2024-01-24 16:57:00,2024-03-01 09:12:00
48,92,2024-01-06 01:23:00,2024-03-09 14:54:00
49,3,2024-02-11 23:26:00,2024-03-03 08:19:00
50,95,2024-03-29 17:39:00,2024-01-25 09:31:00
51,45,2024-02-19 21:44:00,2024-01-25 00:26:00
52,13,2024-01-10 16:33:00,2024-02-23 11:17:00
53,2,2024-01-28 05:13:00,2024-02-06 10:33:00
54,69,2024-01-01 04:41:00,2024-03-02 08:50:00
55,95,2024-01-25 00:17:00,2024-03-28 11:15:00
56,69,2024-02-09 06:19:00,2024-01-26 03:58:00
57,5,2024-02-18 04:24:00,2024-02-15 00:39:00
58,4,2024-03-14 07:34:00,2024-01-07 16:21:00
59,99,2024-02-28 01:38:00,2024-03-19 14:16:00
60,44,2024-03-02 17:22:00,2024-02-29 22:03:00
61,36,2024-02-23 02:55:00,2024-01-10 21:05:00
62,77,2024-01-28 14:22:00,2024-01-05 01:46:00
63,26,2024-01-04 09:15:00,2024-03-13 06:08:00
64,40,2024-03-03 14:05:00,2024-03-31 16:54:00
65,68,2024-03-06 12:04:00,2024-01-05 19:27:00
66,6,2024-03-02 15:00:00,2024-03-24 00:57:00
67,71,2024-01-14 15:59:00,2024-01-22 13:05:00
68,25,2024-03-10 23:18:00,2024-01-05 19:59:00
69,89,2024-01-06 12:26:00,2024-01-27 01:05:00
70,6,2024-01-14 17:21:00,2024-01-10 23:19:00
71,90,2024-02-20 17:43:00,2024-02-02 12:51:00
72,3,2024-01-05 04:42:00,2024-03-28 20:00:00
73,14,2024-02-26 08:59:00,2024-03-12 12:47:00
74,9,2024-01-14 22:13:00,2024-03-20 21:53:00
75,86,2024-01-28 21:11:00,2024-02-20 11:15:00
76,77,2024-02-16 12:36:00,2024-02-19 03:06:00
77,83,2024-01-20 19:19:00,2024-03-30 21:52:00
78,95,2024-02-11 03:17:00,2024-02-29 23:59:00
79,23,2024-02-06 10:43:00,2024-03-10 19:50:00
80,32,2024-01-04 01:43:00,2024-03-08 03:01:00
81,96,2024-01-17 14:18:00,2024-03-31 12:15:00
82,48,2024-03-28 11:23:00,2024-03-20 04:53:00
83,88,2024-02-20 11:17:00,2024-02-14 15:44:00
84,43,2024-03-08 19:51:00,2024-03-29 21:52:00
85,26,2024-02-12 00:42:00,2024-03-22 05:10:00
86,20,2024-02-23 08:46:00,2024-03-15 23:46:00
87,25,2024-03-04 08:00:00,2024-01-29 16:16:00
88,64,2024-01-06 11:37:00,2024-01-02 03:51:00
89,99,2024-01-21 11:40:00,2024-03-23 14:26:00
90,44,2024-01-26 15:54:00,2024-02-28 12:54:00
91,73,2024-03-26 17:19:00,2024-01-25 13:46:00
92,45,2024-01-06 02:22:00,2024-03-30 23:21:00
93,70,2024-03-09 06:34:00,2024-01-31 10:32:00
94,87,2024-01-02 21:20:00,2024-01-05 14:09:00
95,31,2024-03-15 03:12:00,2024-02-09 09:57:00
96,43,2024-03-20 04:22:00,2024-01-10 07:33:00
97,97,2024-03-26 05:08:00,2024-03-20 00:24:00
98,32,2024-02-14 17:33:00,2024-03-14 06:37:00
99,14,2024-02-07 05:30:00,2024-03-10 16:10:00
100,97,2024-01-08 03:52:00,2024-02-10 08:15:00
101,64,2024-01-20 01:04:00,2024-01-21 14:06:00
102,22,2024-01-27 20:17:00,2024-03-23 17:57:00
103,29,2024-03-25 21:11:00,2024-03-13 10:45:00
104,54,2024-01-10 00:23:00,2024-03-01 17:35:00
105,73,2024-02-05 04:06:00,2024-01-01 02:38:00
106,66,2024-02-07 04:17:00,2024-03-30 08:20:00
107,82,2024-03-14 11:57:00,2024-03-30 02:21:00
108,48,2024-02-24 03:04:00,2024-03-10 20:47:00
109,77,2024-01-02 09:10:00,2024-03-24 19:50:00
110,93,2024-01-25 21:00:00,2024-01-03 07:24:00
111,85,2024-02-23 21:35:00,2024-03-03 23:09:00
112,25,2024-02-20 09:00:00,2024-02-06 00:54:00
113,78,2024-03-19 23:58:00,2024-01-13 12:18:00
114,9,2024-02-29 16:05:00,2024-03-28 16:29:00
115,23,2024-02-20 22:25:00,2024-01-05 17:28:00
116,65,2024-02-12 23:59:00,2024-01-11 20:17:00
117,28,2024-01-11 04:49:00,2024-02-11 05:27:00
118,47,2024-03-26 11:50:00,2024-02-01 23:40:00
119,21,2024-03-14 08:44:00,2024-03-21 07:45:00
120,70,2024-03-20 13:42:00,2024-01-13 14:43:00
121,5,2024-03-07 10:44:00,2024-02-19 16:36:00
122,17,2024-02-02 06:27:00,2024-03-06 17:31:00
123,58,2024-03-22 20:27:00,2024-01-19 23:52:00
124,8,2024-02-15 20:01:00,2024-01-01 07:07:00
125,24,2024-01-01 06:46:00,2024-02-09 13:47:00
126,99,2024-01-01 21:34:00,2024-01-09 06:25:00
127,13,2024-02-27 04:59:00,2024-01-10 12:40:00
128,26,2024-03-27 09:26:00,2024-03-01 15:52:00
129,8,2024-01-25 20:56:00,2024-02-25 08:16:00
130,18,2024-02-18 23:49:00,2024-01-30 23:15:00
131,66,2024-02-26 23:42:00,2024-01-06 03:21:00
132,28,2024-02-25 14:58:00,2024-01-10 16:31:00
133,75,2024-03-05 10:32:00,2024-01-31 20:36:00
134,17,2024-02-26 10:54:00,2024-01-06 20:13:00
135,85,2024-02-13 13:33:00,2024-01-25 23:45:00
136,38,2024-03-27 16:20:00,2024-01-24 16:31:00
137,100,2024-03-22 00:33:00,2024-01-17 00:39:00
138,37,2024-03-11 07:48:00,2024-02-04 22:53:00
139,88,2024-01-18 03:08:00,2024-01-12 08:58:00
140,35,2024-02-20 05:14:00,2024-01-19 09:26:00
141,59,2024-03-25 01:01:00,2024-01-11 08:32:00
142,73,2024-02-05 05:02:00,2024-03-29 17:04:00
143,17,2024-02-15 13:31:00,2024-02-23 07:31:00
144,86,2024-01-23 18:49:00,2024-02-29 06:36:00
145,76,2024-01-28 05:57:00,2024-03-20 01:43:00
146,92,2024-02-26 03:09:00,2024-01-08 13:57:00
147,7,2024-03-19 10:51:00,2024-02-19 22:29:00
148,6,2024-03-04 12:29:00,2024-02-18 12:09:00
149,79,2024-02-23 00:26:00,2024-02-17 20:44:00
150,1,2024-01-01 20:28:00,2024-01-18 21:09:00
151,19,2024-01-18 09:35:00,2024-01-02 09:46:00
152,4,2024-03-30 00:40:00,2024-03-26 10:59:00
153,87,2024-02-27 21:57:00,2024-01-11 21:14:00
154,23,2024-01-19 09:15:00,2024-02-09 04:37:00
155,61,2024-01-21 12:56:00,2024-01-24 18:51:00
156,92,2024-01-31 08:19:00,2024-01-30 04:09:00
157,49,2024-01-16 12:57:00,2024-01-15 06:53:00
158,32,2024-02-13 16:15:00,2024-02-03 01:50:00
159,19,2024-03-29 08:07:00,2024-02-16 11:09:00
160,61,2024-02-04 08:01:00,2024-02-08 21:58:00
161,64,2024-01-31 03:52:00,2024-01-03 21:05:00
162,18,2024-01-01 12:02:00,2024-03-04 02:17:00
163,82,2024-03-28 09:29:00,2024-03-23 10:36:00
164,86,2024-03-19 13:39:00,2024-03-31 13:41:00
165,60,2024-02-21 04:09:00,2024-01-23 06:27:00
166,16,2024-03-13 21:58:00,2024-03-17 01:43:00
167,3,2024-03-24 10:21:00,2024-01-12 17:03:00
168,95,2024-03-02 02:58:00,2024-02-17 03:49:00
169,10,2024-03-17 20:31:00,2024-02-27 05:09:00
170,6,2024-03-29 20:01:00,2024-01-10 02:12:00
171,49,2024-02-07 00:59:00,2024-01-31 04:14:00
172,50,2024-03-14 14:36:00,2024-02-25 18:05:00
173,3,2024-01-29 05:15:00,2024-03-02 19:47:00
174,66,2024-03-18 22:27:00,2024-02-19 14:20:00
175,3,2024-02-13 11:57:00,2024-02-20 04:07:00
176,4,2024-01-16 15:58:00,2024-01-22 16:11:00
177,90,2024-03-31 11:58:00,2024-03-01 01:37:00
178,45,2024-03-14 11:37:00,2024-03-31 08:38:00
179,85,2024-01-01 15:44:00,2024-03-05 14:20:00
180,77,2024-01-05 19:58:00,2024-01-13 21:22:00
181,39,2024-03-19 08:35:00,2024-03-22 17:51:00
182,88,2024-03-07 13:52:00,2024-01-24 17:44:00
183,33,2024-01-31 16:43:00,2024-03-30 06:00:00
184,3,2024-01-03 07:34:00,2024-02-14 07:04:00
185,18,2024-03-25 01:32:00,2024-01-29 01:13:00
186,37,2024-01-27 22:46:00,2024-01-11 10:29:00
187,8,2024-03-30 07:58:00,2024-03-30 23:49:00
188,58,2024-02-15 18:03:00,2024-01-15 04:39:00
189,73,2024-01-31 05:59:00,2024-01-27 03:29:00
190,80,2024-03-19 18:57:00,2024-02-17 19:36:00
191,15,2024-03-05 18:49:00,2024-03-14 17:09:00
192,93,2024-03-28 20:13:00,2024-03-13 10:48:00
193,74,2024-01-13 01:11:00,2024-02-14 03:16:00
194,59,2024-03-02 22:03:00,2024-03-31 20:52:00
195,26,2024-03-03 09:20:00,2024-02-24 05:30:00
196,14,2024-01-27 13:50:00,2024-02-11 12:40:00
197,18,2024-03-12 10:42:00,2024-02-07 08:18:00
198,96,2024-03-16 22:26:00,2024-01-14 23:35:00
199,38,2024-02-07 18:30:00,2024-03-13 11:45:00
200,49,2024-02-12 01:04:00,2024-01-22 06:24:00
201,16,2024-02-20 05:50:00,2024-01-08 23:56:00
202,82,2024-03-01 03:05:00,2024-02-26 02:17:00
203,51,2024-01-09 18:25:00,2024-02-10 23:10:00
204,65,2024-03-15 14:21:00,2024-01-21 07:47:00
205,23,2024-03-15 22:51:00,2024-01-06 18:39:00
206,17,2024-02-15 13:40:00,2024-02-24 09:41:00
207,79,2024-01-09 00:30:00,2024-01-09 22:56:00
208,2,2024-02-03 03:19:00,2024-01-02 22:16:00
209,40,2024-02-19 18:19:00,2024-01-21 20:33:00
210,28,2024-03-13 18:11:00,2024-03-25 23:17:00
211,26,2024-01-04 02:33:00,2024-01-04 09:29:00
212,55,2024-02-17 09:59:00,2024-03-27 23:05:00
213,17,2024-03-12 02:11:00,2024-03-04 15:15:00
214,51,2024-03-01 11:32:00,2024-03-13 18:06:00
215,63,2024-03-11 05:48:00,2024-03-17 07:08:00
216,65,2024-01-28 07:55:00,2024-03-16 10:30:00
217,87,2024-02-04 12:57:00,2024-03-06 09:52:00
218,16,2024-02-19 06:28:00,2024-02-25 17:00:00
219,54,2024-01-28 08:55:00,2024-02-09 22:22:00
220,100,2024-01-14 11:51:00,2024-03-15 05:03:00
221,81,2024-02-14 19:55:00,2024-02-02 15:10:00
222,14,2024-03-03 05:49:00,2024-03-10 06:40:00
223,10,2024-02-04 19:01:00,2024-03-27 11:56:00
224,8,2024-02-20 14:29:00,2024-02-13 10:08:00
225,14,2024-03-29 04:05:00,2024-01-27 09:55:00
226,16,2024-01-11 17:32:00,2024-03-03 14:23:00
227,13,2024-02-04 06:44:00,2024-03-17 21:06:00
228,95,2024-03-28 21:17:00,2024-03-04 18:26:00
229,49,2024-03-15 00:52:00,2024-01-19 08:15:00
230,20,2024-03-27 04:07:00,2024-03-13 09:09:00
231,38,2024-02-15 01:38:00,2024-01-23 06:53:00
232,13,2024-01-05 02:30:00,2024-01-06 15:52:00
233,3,2024-01-05 01:45:00,2024-03-12 21:29:00
234,5,2024-01-23 20:22:00,2024-01-11 21:10:00
235,15,2024-02-25 13:01:00,2024-01-03 20:25:00
236,35,2024-01-25 08:10:00,2024-02-05 13:55:00
237,3,2024-01-22 20:32:00,2024-01-21 01:59:00
238,26,2024-02-27 17:27:00,2024-03-11 08:25:00
239,48,2024-01-18 15:49:00,2024-02-28 09:59:00
240,99,2024-03-17 14:06:00,2024-01-24 14:28:00
241,5,2024-01-14 21:11:00,2024-02-02 18:30:00
242,68,2024-02-14 11:10:00,2024-01-11 21:13:00
243,66,2024-03-09 20:51:00,2024-01-07 22:43:00
244,62,2024-01-23 20:45:00,2024-03-16 21:59:00
245,76,2024-03-06 07:25:00,2024-03-22 16:27:00
246,68,2024-03-16 20:35:00,2024-02-02 01:58:00
247,48,2024-01-08 01:52:00,2024-03-18 13:10:00
248,94,2024-02-11 10:57:00,2024-02-20 23:10:00
249,42,2024-03-24 16:53:00,2024-03-20 15:15:00
250,86,2024-01-15 14:48:00,2024-02-25 18:02:00
251,78,2024-02-15 08:05:00,2024-02-02 18:36:00
252,91,2024-01-14 16:25:00,2024-03-31 07:00:00
253,4,2024-03-15 07:43:00,2024-03-27 06:14:00
254,67,2024-01-12 00:39:00,2024-01-16 17:57:00
255,62,2024-02-01 22:14:00,2024-03-14 00:58:00
256,98,2024-03-19 08:57:00,2024-03-08 08:31:00
257,20,2024-02-14 05:28:00,2024-03-07 04:32:00
258,74,2024-01-09 07:56:00,2024-02-26 02:50:00
259,44,2024-03-01 15:46:00,2024-03-16 23:26:00
260,93,2024-01-06 18:40:00,2024-01-22 08:50:00
261,36,2024-01-23 06:51:00,2024-01-22 12:59:00
262,77,2024-03-16 04:38:00,2024-03-16 12:14:00
263,94,2024-03-01 00:45:00,2024-01-16 02:40:00
264,57,2024-02-06 11:19:00,2024-01-13 21:07:00
265,82,2024-01-16 09:23:00,2024-03-12 09:44:00
266,82,2024-03-28 16:00:00,2024-03-10 18:07:00
267,62,2024-01-09 20:33:00,2024-03-01 00:29:00
268,27,2024-03-13 18:05:00,2024-03-02 17:25:00
269,88,2024-02-23 01:22:00,2024-03-01 08:57:00
270,13,2024-01-10 05:43:00,2024-03-09 06:07:00
271,65,2024-03-31 07:51:00,2024-01-18 03:26:00
272,39,2024-01-15 07:14:00,2024-01-26 11:25:00
273,38,2024-03-02 05:35:00,2024-01-27 07:11:00
274,70,2024-03-08 05:33:00,2024-03-03 17:24:00
275,32,2024-02-18 16:10:00,2024-03-31 08:58:00
276,64,2024-01-29 18:15:00,2024-03-19 17:04:00
277,2,2024-02-19 04:03:00,2024-02-01 20:32:00
278,59,2024-03-01 12:00:00,2024-03-08 18:30:00
279,64,2024-01-10 01:44:00,2024-02-18 23:58:00
280,16,2024-01-10 01:04:00,2024-01-22 01:34:00
281,79,2024-01-16 06:31:00,2024-03-19 03:27:00
282,43,2024-01-09 09:13:00,2024-03-06 05:01:00
283,22,2024-03-13 12:36:00,2024-01-16 11:47:00
284,32,2024-03-23 18:40:00,2024-01-13 03:34:00
285,8,2024-02-12 21:53:00,2024-02-07 23:45:00
286,49,2024-03-10 19:54:00,2024-02-15 21:32:00
287,17,2024-01-14 21:57:00,2024-02-03 07:55:00
288,77,2024-01-07 22:00:00,2024-02-05 01:24:00
289,58,2024-01-24 13:02:00,2024-02-12 09:19:00
290,67,2024-01-18 05:45:00,2024-03-16 01:04:00
291,73,2024-01-13 03:57:00,2024-01-29 12:39:00
292,35,2024-01-09 19:49:00,2024-03-26 03:41:00
293,70,2024-01-27 07:12:00,2024-03-20 08:17:00
294,37,2024-02-09 02:47:00,2024-03-31 02:40:00
295,46,2024-01-15 14:15:00,2024-01-03 07:18:00
296,42,2024-03-06 10:50:00,2024-03-18 23:58:00
297,87,2024-03-20 05:58:00,2024-03-14 23:45:00
298,61,2024-03-15 20:20:00,2024-03-26 17:53:00
299,41,2024-02-19 23:33:00,2024-01-05 10:45:00
300,26,2024-03-09 04:30:00,2024-03-10 12:02:00
301,48,2024-02-18 15:12:00,2024-02-05 01:52:00
302,60,2024-01-03 11:35:00,2024-01-23 23:25:00
303,51,2024-03-27 05:09:00,2024-03-16 02:06:00
304,48,2024-02-19 14:57:00,2024-03-30 22:10:00
305,10,2024-03-05 23:35:00,2024-01-11 03:37:00
306,47,2024-01-02 17:16:00,2024-03-19 09:20:00
307,96,2024-01-01 01:23:00,2024-01-17 18:44:00
308,96,2024-03-12 01:43:00,2024-01-05 22:52:00
309,51,2024-03-17 05:08:00,2024-02-05 07:14:00
310,34,2024-02-04 14:53:00,2024-03-20 01:23:00
311,87,2024-03-15 08:25:00,2024-03-15 07:12:00
312,62,2024-01-27 04:51:00,2024-01-13 13:53:00
313,42,2024-02-16 20:11:00,2024-03-24 14:05:00
314,73,2024-03-25 11:08:00,2024-03-30 06:07:00
315,44,2024-03-28 07:50:00,2024-01-14 10:48:00
316,32,2024-02-25 06:39:00,2024-03-17 12:01:00
317,77,2024-03-08 18:44:00,2024-03-23 08:29:00
318,90,2024-02-06 08:15:00,2024-01-23 19:00:00
319,62,2024-03-30 05:24:00,2024-01-11 13:38:00
320,22,2024-03-05 00:59:00,2024-03-01 10:45:00
321,18,2024-02-22 07:30:00,2024-03-20 15:35:00
322,35,2024-03-28 19:54:00,2024-01-11 16:05:00
323,53,2024-01-04 09:14:00,2024-03-24 20:59:00
324,88,2024-01-14 00:42:00,2024-03-19 09:12:00
325,98,2024-03-15 08:42:00,2024-01-10 08:00:00
326,79,2024-02-27 17:45:00,2024-01-17 07:14:00
327,90,2024-01-21 22:42:00,2024-01-13 00:25:00
328,30,2024-01-19 20:14:00,2024-03-23 01:03:00
329,38,2024-02-02 21:21:00,2024-01-19 13:39:00
330,26,2024-02-18 10:16:00,2024-02-25 00:38:00
331,73,2024-03-24 22:48:00,2024-02-05 23:45:00
332,100,2024-01-19 01:47:00,2024-01-12 08:31:00
333,68,2024-01-25 08:41:00,2024-03-27 05:50:00
334,38,2024-01-29 11:56:00,2024-03-31 18:12:00
335,64,2024-01-28 06:46:00,2024-01-17 17:11:00
336,5,2024-02-24 16:22:00,2024-03-10 22:44:00
337,81,2024-02-28 08:54:00,2024-03-09 09:54:00
338,43,2024-01-20 12:18:00,2024-03-25 03:51:00
339,64,2024-02-27 01:24:00,2024-02-25 21:12:00
340,2,2024-03-19 09:17:00,2024-01-11 11:35:00
341,76,2024-03-14 11:05:00,2024-02-26 16:27:00
342,76,2024-01-06 17:56:00,2024-01-27 02:56:00
343,92,2024-01-16 06:29:00,2024-02-08 05:41:00
344,87,2024-01-11 23:29:00,2024-02-01 19:26:00
345,49,2024-01-29 19:54:00,2024-03-09 01:58:00
346,40,2024-02-05 04:05:00,2024-02-17 17:25:00
347,39,2024-02-19 20:12:00,2024-03-02 14:18:00
348,27,2024-02-16 13:39:00,2024-02-23 22:53:00
349,18,2024-03-23 01:03:00,2024-03-15 05:26:00
350,91,2024-03-25 04:36:00,2024-03-31 04:55:00
351,48,2024-03-23 09:52:00,2024-02-25 16:07:00
352,61,2024-03-01 22:48:00,2024-01-03 02:13:00
353,44,2024-03-05 12:27:00,2024-02-18 10:30:00
354,10,2024-03-10 04:16:00,2024-03-11 16:14:00
355,74,2024-01-12 16:54:00,2024-02-13 10:39:00
356,64,2024-03-24 15:10:00,2024-03-19 06:24:00
357,28,2024-01-31 14:55:00,2024-03-25 21:51:00
358,18,2024-01-27 09:30:00,2024-01-02 08:17:00
359,26,2024-02-25 22:23:00,2024-03-30 15:52:00
360,2,2024-03-10 08:23:00,2024-02-28 15:05:00
361,42,2024-02-11 04:21:00,2024-02-16 07:56:00
362,17,2024-03-21 23:53:00,2024-02-13 05:17:00
363,72,2024-02-06 19:40:00,2024-02-02 03:54:00
364,7,2024-02-22 23:59:00,2024-03-28 10:15:00
365,11,2024-02-17 12:19:00,2024-03-02 04:53:00
366,27,2024-01-03 22:44:00,2024-02-16 04:33:00
367,28,2024-01-15 07:08:00,2024-02-24 05:46:00
368,12,2024-03-02 08:50:00,2024-03-11 14:50:00
369,65,2024-02-29 02:28:00,2024-02-13 14:47:00
370,64,2024-02-13 03:30:00,2024-02-05 22:41:00
371,64,2024-01-17 13:10:00,2024-01-26 13:46:00
372,75,2024-02-17 01:51:00,2024-03-12 22:08:00
373,13,2024-02-02 00:11:00,2024-03-03 22:08:00
374,93,2024-02-08 14:56:00,2024-03-04 09:30:00
375,71,2024-01-01 16:28:00,2024-02-29 22:47:00
376,73,2024-01-17 14:38:00,2024-03-07 01:24:00
377,18,2024-02-06 16:05:00,2024-03-24 14:18:00
378,24,2024-01-11 05:20:00,2024-01-12 13:34:00
379,61,2024-02-17 23:58:00,2024-02-26 04:03:00
380,69,2024-01-19 16:21:00,2024-03-05 03:17:00
381,22,2024-02-04 14:55:00,2024-03-23 11:02:00
382,55,2024-01-09 09:04:00,2024-01-16 14:27:00
383,68,2024-01-24 04:46:00,2024-03-04 09:42:00
384,66,2024-02-29 20:06:00,2024-01-30 03:14:00
385,54,2024-03-26 07:12:00,2024-01-23 16:28:00
386,4,2024-03-26 01:50:00,2024-03-03 01:32:00
387,65,2024-03-24 05:54:00,2024-03-11 00:48:00
388,42,2024-01-14 14:32:00,2024-02-24 16:58:00
389,77,2024-03-07 08:34:00,2024-01-02 14:29:00
390,12,2024-02-13 13:20:00,2024-01-15 07:13:00
391,52,2024-01-27 13:44:00,2024-03-18 21:26:00
392,45,2024-02-04 12:10:00,2024-02-24 04:15:00
393,98,2024-02-23 19:35:00,2024-01-11 09:16:00
394,45,2024-02-20 04:47:00,2024-01-03 18:25:00
395,90,2024-02-06 04:36:00,2024-02-01 12:05:00
396,35,2024-03-13 03:24:00,2024-01-10 21:54:00
397,69,2024-03-30 21:56:00,2024-01-09 11:38:00
398,82,2024-03-18 20:51:00,2024-03-28 11:38:00
399,52,2024-03-15 09:31:00,2024-01-09 07:49:00
400,68,2024-03-25 16:12:00,2024-02-11 23:29:00
401,41,2024-02-04 11:00:00,2024-01-29 22:07:00
402,56,2024-03-30 14:15:00,2024-01-25 09:15:00
403,79,2024-01-08 09:36:00,2024-03-06 08:38:00
404,74,2024-03-14 00:32:00,2024-01-25 18:25:00
405,48,2024-02-06 18:22:00,2024-03-12 06:56:00
406,75,2024-01-18 15:42:00,2024-01-30 11:55:00
407,13,2024-02-17 18:34:00,2024-01-31 22:35:00
408,40,2024-03-07 04:31:00,2024-01-21 18:10:00
409,50,2024-01-10 01:00:00,2024-01-26 00:44:00
410,46,2024-03-14 00:04:00,2024-03-28 11:15:00
411,54,2024-03-12 07:06:00,2024-03-09 02:54:00
412,81,2024-02-04 17:51:00,2024-01-17 07:15:00
413,53,2024-02-22 05:25:00,2024-02-14 16:02:00
414,93,2024-02-08 05:14:00,2024-03-17 08:12:00
415,57,2024-01-10 13:02:00,2024-02-06 08:54:00
416,31,2024-01-27 18:31:00,2024-03-22 06:57:00
417,47,2024-01-14 19:39:00,2024-02-12 15:37:00
418,16,2024-01-09 03:44:00,2024-02-08 15:13:00
419,28,2024-03-22 22:21:00,2024-02-14 01:29:00
420,18,2024-01-16 16:15:00,2024-02-04 20:35:00
421,3,2024-02-14 16:10:00,2024-03-22 10:25:00
422,99,2024-02-24 15:51:00,2024-03-15 16:51:00
423,49,2024-01-19 22:37:00,2024-02-06 08:25:00
424,14,2024-02-03 04:17:00,2024-03-24 05:23:00
425,84,2024-02-23 13:32:00,2024-03-17 02:55:00
426,43,2024-03-19 18:54:00,2024-02-09 18:17:00
427,86,2024-02-20 04:57:00,2024-03-02 10:21:00
428,84,2024-03-29 02:24:00,2024-03-16 14:41:00
429,43,2024-02-29 22:28:00,2024-01-03 10:03:00
430,53,2024-03-15 23:09:00,2024-01-29 21:58:00
431,76,2024-01-29 16:29:00,2024-03-15 21:44:00
432,63,2024-03-06 13:23:00,2024-01-23 07:36:00
433,41,2024-01-26 14:40:00,2024-01-11 16:45:00
434,31,2024-03-14 15:27:00,2024-03-17 00:31:00
435,32,2024-01-03 14:57:00,2024-01-12 14:17:00
436,12,2024-02-29 08:01:00,2024-01-06 23:52:00
437,84,2024-01-15 21:24:00,2024-02-20 12:43:00
438,47,2024-02-02 14:14:00,2024-02-26 11:22:00
439,59,2024-02-04 00:43:00,2024-01-31 04:23:00
440,52,2024-02-14 16:59:00,2024-01-15 02:34:00
441,79,2024-03-24 05:06:00,2024-01-11 10:41:00
442,27,2024-02-04 09:37:00,2024-03-26 22:26:00
443,22,2024-01-20 09:41:00,2024-02-10 14:03:00
444,100,2024-01-21 00:34:00,2024-01-20 08:28:00
445,84,2024-02-29 03:50:00,2024-02-17 00:12:00
446,62,2024-02-13 12:24:00,2024-01-23 02:48:00
447,46,2024-02-03 17:42:00,2024-03-06 06:30:00
448,64,2024-02-25 18:55:00,2024-01-08 05:19:00
449,61,2024-01-20 02:53:00,2024-03-13 00:15:00
450,96,2024-02-20 01:44:00,2024-03-22 15:01:00
451,1,2024-01-30 07:39:00,2024-02-18 07:23:00
452,29,2024-01-08 05:12:00,2024-01-20 04:48:00
453,82,2024-03-28 15:57:00,2024-03-06 16:30:00
454,70,2024-03-05 01:00:00,2024-03-20 14:58:00
455,55,2024-03-21 20:00:00,2024-01-29 22:12:00
456,78,2024-03-24 02:03:00,2024-01-15 05:46:00
457,68,2024-03-11 06:19:00,2024-03-16 22:32:00
458,96,2024-01-15 09:15:00,2024-02-02 11:49:00
459,28,2024-01-14 13:19:00,2024-03-14 18:39:00
460,65,2024-03-09 16:53:00,2024-01-11 07:43:00
461,59,2024-01-14 03:43:00,2024-02-16 10:42:00
462,42,2024-02-19 17:35:00,2024-01-21 23:08:00
463,56,2024-03-10 18:12:00,2024-01-15 02:24:00
464,52,2024-03-07 11:41:00,2024-01-30 04:02:00
465,95,2024-03-19 10:01:00,2024-01-30 18:47:00
466,71,2024-02-02 09:56:00,2024-01-08 01:44:00
467,44,2024-03-15 15:38:00,2024-03-19 01:24:00
468,67,2024-02-19 04:11:00,2024-02-24 16:19:00
469,70,2024-02-18 17:23:00,2024-02-26 02:25:00
470,96,2024-01-03 02:03:00,2024-02-03 12:24:00
471,51,2024-02-20 13:39:00,2024-03-24 14:54:00
472,63,2024-02-08 20:17:00,2024-03-06 15:35:00
473,93,2024-01-23 04:59:00,2024-03-03 02:51:00
474,79,2024-01-30 23:09:00,2024-02-24 01:40:00
475,30,2024-02-13 03:49:00,2024-01-20 14:17:00
476,98,2024-01-23 20:20:00,2024-03-10 12:36:00
477,15,2024-03-09 14:10:00,2024-03-17 05:48:00
478,24,2024-01-21 15:26:00,2024-02-25 02:10:00
479,64,2024-01-23 17:42:00,2024-01-12 15:32:00
480,98,2024-02-20 23:54:00,2024-01-18 02:59:00
481,43,2024-02-09 18:29:00,2024-03-09 02:13:00
482,63,2024-02-19 02:44:00,2024-03-18 20:43:00
483,6,2024-02-15 23:34:00,2024-02-10 13:28:00
484,21,2024-02-11 18:30:00,2024-02-21 05:35:00
485,37,2024-02-13 21:37:00,2024-01-17 07:02:00
486,68,2024-01-14 19:26:00,2024-03-16 18:24:00
487,66,2024-01-12 13:20:00,2024-03-06 09:32:00
488,17,2024-02-12 06:08:00,2024-03-12 02:24:00
489,87,2024-01-09 01:04:00,2024-01-15 03:25:00
490,67,2024-02-24 23:05:00,2024-03-06 02:29:00
491,62,2024-03-03 07:14:00,2024-02-15 10:03:00
492,67,2024-01-23 11:04:00,2024-03-26 05:41:00
493,27,2024-01-25 15:49:00,2024-02-21 04:52:00
494,67,2024-02-11 18:16:00,2024-03-28 14:32:00
495,63,2024-03-12 03:02:00,2024-02-18 04:40:00
496,36,2024-03-18 20:39:00,2024-02-17 19:28:00
497,60,2024-02-27 06:32:00,2024-01-10 10:12:00
498,56,2024-01-12 14:47:00,2024-02-10 22:09:00
499,63,2024-01-08 19:50:00,2024-02-26 18:58:00
500,46,2024-03-16 19:22:00,2024-03-28 05:08:00
501,65,2024-03-04 13:44:00,2024-01-14 13:30:00
502,57,2024-02-02 16:29:00,2024-03-17 17:31:00
503,45,2024-02-29 07:29:00,2024-03-16 22:53:00
504,73,2024-03-09 23:07:00,2024-01-17 09:32:00
505,85,2024-01-20 17:56:00,2024-03-08 04:37:00
506,67,2024-01-24 11:42:00,2024-01-10 09:52:00
507,43,2024-01-28 12:34:00,2024-02-25 00:45:00
508,82,2024-03-10 03:46:00,2024-01-18 23:34:00
509,57,2024-03-23 13:45:00,2024-01-01 15:54:00
510,56,2024-01-10 23:40:00,2024-02-02 09:06:00
511,85,2024-03-01 18:40:00,2024-03-16 19:28:00
512,9,2024-01-21 04:41:00,2024-01-15 23:56:00
513,10,2024-03-25 11:48:00,2024-03-05 14:24:00
514,15,2024-01-05 20:50:00,2024-02-07 10:06:00
515,84,2024-01-09 08:28:00,2024-02-24 04:40:00
516,28,2024-03-30 11:33:00,2024-01-07 07:57:00
517,68,2024-02-24 11:49:00,2024-03-19 08:07:00
518,4,2024-03-30 19:55:00,2024-02-05 23:54:00
519,72,2024-01-26 10:50:00,2024-02-26 11:21:00
520,7,2024-01-16 13:38:00,2024-03-20 12:41:00
521,50,2024-02-14 05:32:00,2024-01-30 07:05:00
522,27,2024-02-10 08:50:00,2024-02-12 19:02:00
523,41,2024-01-17 03:01:00,2024-01-15 05:27:00
524,49,2024-02-24 07:52:00,2024-01-25 18:48:00
525,55,2024-01-26 03:58:00,2024-03-12 19:29:00
526,30,2024-03-13 14:49:00,2024-01-01 01:00:00
527,38,2024-02-14 17:23:00,2024-02-11 12:35:00
528,62,2024-03-01 04:24:00,2024-02-23 07:15:00
529,24,2024-03-29 02:05:00,2024-03-18 01:24:00
530,34,2024-03-16 10:03:00,2024-01-19 13:07:00
531,35,2024-02-04 21:35:00,2024-03-03 17:25:00
532,90,2024-01-16 22:12:00,2024-02-16 22:36:00
533,100,2024-03-07 21:53:00,2024-02-14 02:57:00
534,25,2024-02-25 07:42:00,2024-02-28 15:40:00
535,2,2024-03-12 02:21:00,2024-02-20 17:31:00
536,36,2024-02-03 19:48:00,2024-01-22 04:23:00
537,50,2024-03-22 15:22:00,2024-03-24 19:12:00
538,100,2024-03-07 16:30:00,2024-01-16 15:37:00
539,32,2024-01-07 01:27:00,2024-02-02 13:17:00
540,32,2024-02-25 23:05:00,2024-01-12 23:22:00
541,88,2024-03-18 06:14:00,2024-02-03 19:54:00
542,2,2024-02-19 11:43:00,2024-02-13 10:17:00
543,20,2024-01-21 16:18:00,2024-02-14 04:59:00
544,18,2024-02-18 19:26:00,2024-03-13 06:50:00
545,3,2024-03-10 01:59:00,2024-02-08 11:57:00
546,11,2024-01-03 22:21:00,2024-01-15 15:04:00
547,75,2024-03-29 21:36:00,2024-03-28 19:37:00
548,38,2024-03-07 23:02:00,2024-02-03 00:20:00
549,2,2024-01-25 20:29:00,2024-03-20 05:01:00
550,17,2024-01-26 14:15:00,2024-01-06 23:13:00
551,68,2024-02-28 15:13:00,2024-02-22 22:59:00
552,5,2024-03-11 19:15:00,2024-02-15 02:11:00
553,48,2024-01-20 00:27:00,2024-03-04 04:55:00
554,57,2024-01-31 23:22:00,2024-03-15 23:27:00
555,11,2024-03-03 13:12:00,2024-03-31 08:40:00
556,39,2024-02-26 12:14:00,2024-03-30 18:09:00
557,25,2024-02-13 11:16:00,2024-01-05 17:21:00
558,61,2024-02-15 19:33:00,2024-02-16 10:10:00
559,89,2024-01-12 23:19:00,2024-01-26 07:39:00
560,80,2024-01-02 01:26:00,2024-01-15 05:02:00
561,75,2024-03-23 15:07:00,2024-03-22 16:50:00
562,48,2024-03-19 22:58:00,2024-03-04 21:06:00
563,90,2024-01-26 22:46:00,2024-02-12 11:43:00
564,95,2024-01-09 22:44:00,2024-02-24 14:39:00
565,100,2024-01-17 23:09:00,2024-02-27 02:09:00
566,13,2024-02-13 21:35:00,2024-03-05 02:39:00
567,36,2024-03-16 20:26:00,2024-02-03 22:56:00
568,78,2024-03-09 16:36:00,2024-01-05 19:43:00
569,95,2024-01-26 12:21:00,2024-01-12 06:58:00
570,31,2024-03-14 08:38:00,2024-02-29 15:56:00
571,42,2024-03-03 06:54:00,2024-01-12 02:33:00
572,62,2024-01-11 12:23:00,2024-02-05 02:20:00
573,31,2024-03-07 17:19:00,2024-02-19 15:05:00
574,33,2024-01-11 12:37:00,2024-03-19 17:07:00
575,63,2024-01-23 21:24:00,2024-02-25 01:42:00
576,94,2024-03-18 22:29:00,2024-02-20 23:30:00
577,36,2024-02-09 19:42:00,2024-03-25 10:12:00
578,6,2024-02-04 12:14:00,2024-03-10 19:00:00
579,14,2024-01-04 08:13:00,2024-03-17 22:32:00
580,63,2024-01-24 20:12:00,2024-02-25 01:35:00
581,97,2024-02-23 10:52:00,2024-02-05 10:23:00
582,3,2024-02-12 16:04:00,2024-02-07 23:19:00
583,77,2024-03-08 01:59:00,2024-02-07 06:00:00
584,10,2024-03-03 01:17:00,2024-03-17 13:15:00
585,64,2024-03-22 22:56:00,2024-03-24 22:57:00
586,76,2024-02-11 04:42:00,2024-03-21 09:04:00
587,27,2024-01-27 01:49:00,2024-02-22 03:45:00
588,82,2024-01-15 20:25:00,2024-01-28 11:35:00
589,47,2024-03-13 02:47:00,2024-01-29 06:47:00
590,22,2024-01-21 21:00:00,2024-02-21 12:50:00
591,52,2024-03-09 03:36:00,2024-01-28 07:35:00
592,28,2024-02-08 05:01:00,2024-03-11 23:41:00
593,44,2024-03-10 02:12:00,2024-01-22 07:43:00
594,23,2024-02-17 02:19:00,2024-03-26 13:50:00
595,27,2024-01-18 17:10:00,2024-01-28 13:15:00
596,7,2024-01-23 23:09:00,2024-03-09 17:33:00
597,54,2024-03-31 15:42:00,2024-01-24 14:24:00
598,85,2024-01-29 22:58:00,2024-02-17 06:09:00
599,69,2024-01-18 17:57:00,2024-02-28 07:20:00
600,93,2024-03-07 17:41:00,2024-03-03 03:08:00
601,71,2024-02-22 04:21:00,2024-03-31 01:52:00
602,41,2024-02-20 13:22:00,2024-02-29 14:47:00
603,97,2024-02-16 19:51:00,2024-02-22 14:07:00
604,23,2024-03-30 04:25:00,2024-03-22 16:24:00
605,82,2024-01-11 03:00:00,2024-02-05 05:44:00
606,18,2024-03-04 23:41:00,2024-03-19 17:43:00
607,45,2024-03-04 13:52:00,2024-01-16 08:23:00
608,87,2024-01-28 14:49:00,2024-03-03 01:06:00
609,25,2024-01-01 16:53:00,2024-02-26 06:05:00
610,21,2024-01-20 07:07:00,2024-03-22 09:13:00
611,43,2024-01-07 15:18:00,2024-02-20 11:22:00
612,51,2024-01-24 07:07:00,2024-03-12 07:41:00
613,68,2024-02-09 18:17:00,2024-01-01 06:37:00
614,66,2024-02-14 22:56:00,2024-01-22 15:56:00
615,27,2024-03-30 19:12:00,2024-03-11 06:36:00
616,87,2024-01-23 14:30:00,2024-03-08 18:27:00
617,37,2024-03-14 14:10:00,2024-02-06 02:12:00
618,83,2024-02-10 20:11:00,2024-02-05 07:00:00
619,15,2024-03-02 03:55:00,2024-02-15 18:16:00
620,30,2024-02-29 19:45:00,2024-02-05 06:04:00
621,6,2024-03-20 14:15:00,2024-03-13 10:48:00
622,73,2024-02-15 19:34:00,2024-03-07 13:06:00
623,96,2024-02-01 13:01:00,2024-01-17 12:32:00
624,47,2024-02-25 14:01:00,2024-02-16 16:55:00
625,88,2024-03-14 06:09:00,2024-01-12 18:12:00
626,60,2024-01-17 17:26:00,2024-03-25 12:27:00
627,42,2024-02-16 08:43:00,2024-02-14 11:29:00
628,7,2024-02-05 19:24:00,2024-03-30 18:32:00
629,48,2024-01-15 15:33:00,2024-02-17 19:41:00
630,15,2024-02-27 04:17:00,2024-02-06 17:44:00
631,1,2024-03-18 05:21:00,2024-03-30 11:02:00
632,57,2024-02-14 10:12:00,2024-01-06 00:37:00
633,14,2024-02-10 04:52:00,2024-02-17 22:38:00
634,66,2024-02-06 13:11:00,2024-01-13 15:52:00
635,5,2024-02-28 22:27:00,2024-01-12 15:57:00
636,19,2024-01-10 07:59:00,2024-03-10 11:40:00
637,94,2024-03-17 18:06:00,2024-03-06 17:23:00
638,28,2024-01-29 14:30:00,2024-02-05 06:05:00
639,70,2024-02-05 12:20:00,2024-01-28 19:01:00
640,88,2024-01-31 18:19:00,2024-02-18 10:54:00
641,65,2024-01-01 06:00:00,2024-03-30 10:52:00
642,96,2024-03-25 16:00:00,2024-03-14 07:14:00
643,89,2024-02-24 23:55:00,2024-01-28 13:53:00
644,8,2024-03-27 07:42:00,2024-02-14 23:20:00
645,56,2024-02-22 13:37:00,2024-02-07 23:55:00
646,79,2024-01-16 21:29:00,2024-02-21 02:14:00
647,84,2024-03-30 09:03:00,2024-03-26 16:32:00
648,76,2024-02-08 06:25:00,2024-02-02 07:39:00
649,31,2024-01-20 20:57:00,2024-03-25 15:54:00
650,96,2024-03-04 01:47:00,2024-03-19 14:47:00
651,35,2024-01-22 13:36:00,2024-03-10 17:03:00
652,8,2024-03-13 09:42:00,2024-03-27 04:30:00
653,2,2024-02-28 15:59:00,2024-02-25 23:02:00
654,88,2024-01-31 21:56:00,2024-02-24 14:09:00
655,35,2024-01-06 23:35:00,2024-01-19 12:38:00
656,13,2024-03-14 18:38:00,2024-01-08 13:45:00
657,16,2024-01-14 20:56:00,2024-01-28 00:09:00
658,93,2024-01-31 22:25:00,2024-01-17 18:43:00
659,16,2024-01-25 02:13:00,2024-03-16 16:52:00
660,24,2024-02-23 19:00:00,2024-02-10 09:31:00
661,100,2024-03-18 21:21:00,2024-03-29 23:03:00
662,9,2024-03-24 15:12:00,2024-01-12 16:16:00
663,33,2024-01-11 16:36:00,2024-03-10 08:17:00
664,5,2024-02-06 05:45:00,2024-03-21 05:51:00
665,44,2024-01-15 07:46:00,2024-03-01 20:44:00
666,41,2024-01-01 13:08:00,2024-02-10 20:25:00
667,11,2024-02-28 14:35:00,2024-01-27 14:30:00
668,81,2024-02-01 22:40:00,2024-01-26 14:04:00
669,99,2024-03-19 14:00:00,2024-01-25 13:36:00
670,9,2024-02-29 11:20:00,2024-02-18 22:55:00
671,6,2024-01-26 15:15:00,2024-03-18 20:01:00
672,31,2024-01-11 05:46:00,2024-01-13 03:45:00
673,92,2024-02-21 06:16:00,2024-03-25 19:51:00
674,48,2024-03-14 03:47:00,2024-01-23 06:33:00
675,9,2024-01-30 01:25:00,2024-02-28 18:37:00
676,46,2024-01-18 19:29:00,2024-01-22 22:36:00
677,9,2024-01-02 12:08:00,2024-01-11 09:33:00
678,35,2024-02-11 10:43:00,2024-01-19 22:06:00
679,90,2024-02-13 22:38:00,2024-02-09 01:52:00
680,82,2024-01-31 01:36:00,2024-01-28 02:51:00
681,93,2024-02-12 09:58:00,2024-03-06 19:25:00
682,47,2024-01-31 17:01:00,2024-01-24 22:00:00
683,100,2024-03-23 17:11:00,2024-01-15 05:50:00
684,93,2024-01-13 22:39:00,2024-01-07 04:28:00
685,80,2024-01-14 11:07:00,2024-03-25 04:05:00
686,99,2024-01-10 15:56:00,2024-02-01 20:48:00
687,19,2024-01-23 07:44:00,2024-01-11 01:54:00
688,89,2024-01-30 05:40:00,2024-02-21 17:28:00
689,10,2024-01-21 04:19:00,2024-01-19 14:12:00
690,73,2024-02-07 07:27:00,2024-02-27 05:42:00
691,57,2024-01-10 18:15:00,2024-01-16 01:08:00
692,7,2024-01-20 06:04:00,2024-02-05 20:25:00
693,54,2024-03-14 02:53:00,2024-01-15 03:53:00
694,74,2024-01-06 01:04:00,2024-03-19 12:16:00
695,26,2024-02-25 17:29:00,2024-02-14 12:56:00
696,11,2024-03-25 00:08:00,2024-01-20 11:35:00
697,51,2024-01-05 10:16:00,2024-03-13 18:34:00
698,67,2024-03-01 16:01:00,2024-01-27 22:48:00
699,2,2024-02-12 21:20:00,2024-02-08 16:07:00
700,88,2024-01-02 10:38:00,2024-01-11 23:00:00
701,42,2024-03-09 21:52:00,2024-02-24 18:19:00
702,61,2024-02-05 17:15:00,2024-03-02 04:44:00
703,59,2024-03-09 10:32:00,2024-03-28 07:39:00
704,6,2024-01-05 02:38:00,2024-03-09 20:23:00
705,32,2024-01-20 10:21:00,2024-02-28 18:12:00
706,62,2024-01-28 11:40:00,2024-03-29 10:42:00
707,33,2024-01-28 07:58:00,2024-02-10 00:42:00
708,12,2024-03-22 11:30:00,2024-01-18 09:27:00
709,38,2024-02-28 10:46:00,2024-03-16 19:38:00
710,9,2024-03-23 15:13:00,2024-03-06 10:22:00
711,74,2024-03-19 01:33:00,2024-01-19 19:26:00
712,64,2024-01-03 19:57:00,2024-02-22 20:35:00
713,30,2024-01-25 07:08:00,2024-01-27 01:22:00
714,48,2024-01-17 11:15:00,2024-01-10 11:59:00
715,100,2024-02-04 18:01:00,2024-03-03 17:30:00
716,37,2024-03-05 12:55:00,2024-03-13 00:08:00
717,77,2024-02-29 03:04:00,2024-02-17 16:51:00
718,60,2024-01-25 13:56:00,2024-02-05 06:13:00
719,66,2024-02-09 03:52:00,2024-03-19 07:53:00
720,17,2024-03-03 21:14:00,2024-03-26 03:15:00
721,88,2024-02-03 08:29:00,2024-01-02 03:17:00
722,62,2024-02-22 12:58:00,2024-01-31 15:26:00
723,2,2024-01-19 16:59:00,2024-01-26 19:59:00
724,7,2024-02-18 10:13:00,2024-03-17 18:32:00
725,71,2024-01-18 08:38:00,2024-03-13 19:18:00
726,78,2024-01-27 08:35:00,2024-03-10 16:39:00
727,71,2024-01-03 09:44:00,2024-03-11 20:15:00
728,17,2024-02-25 12:04:00,2024-02-15 05:20:00
729,27,2024-01-21 04:44:00,2024-02-05 21:21:00
730,55,2024-03-18 02:00:00,2024-03-12 23:08:00
731,47,2024-02-13 11:51:00,2024-03-29 18:19:00
732,90,2024-01-15 21:23:00,2024-01-23 06:04:00
733,72,2024-03-23 04:48:00,2024-03-08 18:36:00
734,28,2024-01-05 00:05:00,2024-01-26 06:05:00
735,89,2024-02-01 18:08:00,2024-01-03 05:30:00
736,59,2024-01-25 05:53:00,2024-02-21 15:22:00
737,11,2024-03-05 02:57:00,2024-02-01 01:13:00
738,13,2024-01-04 22:14:00,2024-03-24 03:36:00
739,1,2024-02-21 04:59:00,2024-01-15 05:25:00
740,41,2024-01-09 18:05:00,2024-01-16 13:45:00
741,78,2024-03-10 23:06:00,2024-02-27 19:29:00
742,42,2024-03-27 19:38:00,2024-02-22 04:36:00
743,16,2024-01-22 06:13:00,2024-03-28 20:59:00
744,28,2024-01-05 21:52:00,2024-01-25 19:31:00
745,4,2024-03-28 07:52:00,2024-01-19 01:24:00
746,86,2024-02-06 00:32:00,2024-01-27 18:42:00
747,18,2024-01-05 18:11:00,2024-01-07 09:53:00
748,40,2024-03-14 21:54:00,2024-02-05 13:29:00
749,18,2024-02-16 00:45:00,2024-03-17 02:45:00
750,10,2024-02-19 18:46:00,2024-03-29 03:09:00
751,32,2024-02-16 02:29:00,2024-01-13 07:30:00
752,100,2024-03-17 17:40:00,2024-02-29 16:53:00
753,21,2024-02-07 01:58:00,2024-02-04 17:52:00
754,24,2024-02-21 05:54:00,2024-01-10 12:18:00
755,26,2024-02-09 13:47:00,2024-03-07 07:57:00
756,24,2024-01-26 10:17:00,2024-03-18 13:07:00
757,65,2024-02-10 04:42:00,2024-03-19 10:56:00
758,90,2024-03-06 23:50:00,2024-01-21 15:21:00
759,27,2024-01-09 14:31:00,2024-01-31 19:48:00
760,68,2024-02-29 04:06:00,2024-02-24 19:08:00
761,93,2024-02-02 06:18:00,2024-02-14 15:21:00
762,57,2024-03-06 15:18:00,2024-01-11 06:58:00
763,26,2024-03-24 20:56:00,2024-02-27 11:29:00
764,75,2024-03-15 09:31:00,2024-01-19 13:47:00
765,48,2024-03-25 16:34:00,2024-01-16 04:52:00
766,50,2024-03-04 19:19:00,2024-01-31 04:43:00
767,95,2024-01-19 23:01:00,2024-02-14 08:53:00
768,26,2024-02-13 08:19:00,2024-01-01 00:18:00
769,76,2024-02-06 00:00:00,2024-01-11 20:11:00
770,39,2024-01-05 07:29:00,2024-03-16 13:53:00
771,29,2024-02-07 17:41:00,2024-02-21 10:57:00
772,72,2024-01-25 15:55:00,2024-03-07 09:37:00
773,90,2024-02-28 02:47:00,2024-03-04 21:29:00
774,55,2024-03-25 22:09:00,2024-03-28 20:57:00
775,51,2024-03-23 20:11:00,2024-01-29 10:07:00
776,67,2024-02-17 23:54:00,2024-03-04 18:51:00
777,90,2024-03-25 12:12:00,2024-03-01 03:47:00
778,6,2024-02-07 23:02:00,2024-03-15 21:52:00
779,64,2024-01-27 03:23:00,2024-02-26 22:19:00
780,20,2024-03-30 02:27:00,2024-01-28 19:59:00
781,43,2024-01-18 18:34:00,2024-01-23 00:25:00
782,23,2024-01-12 23:12:00,2024-01-21 22:01:00
783,18,2024-01-04 06:00:00,2024-03-08 21:30:00
784,29,2024-02-01 17:12:00,2024-01-06 06:30:00
785,47,2024-03-12 05:56:00,2024-02-16 20:46:00
786,49,2024-02-09 09:01:00,2024-03-13 14:50:00
787,44,2024-01-27 03:43:00,2024-02-15 07:11:00
788,58,2024-03-19 09:44:00,2024-03-28 19:55:00
789,51,2024-03-15 22:03:00,2024-03-30 19:04:00
790,11,2024-03-08 00:08:00,2024-03-28 15:54:00
791,83,2024-01-01 03:18:00,2024-02-20 20:58:00
792,28,2024-03-16 09:11:00,2024-01-11 12:23:00
793,62,2024-02-27 21:47:00,2024-02-03 18:31:00
794,4,2024-03-23 13:33:00,2024-03-07 22:08:00
795,33,2024-03-16 15:20:00,2024-01-14 02:55:00
796,17,2024-03-21 12:41:00,2024-03-18 13:56:00
797,69,2024-01-27 15:14:00,2024-03-14 12:39:00
798,35,2024-01-06 12:46:00,2024-03-12 03:54:00
799,49,2024-03-20 08:44:00,2024-01-31 21:09:00
800,31,2024-03-04 18:20:00,2024-02-19 06:59:00
801,12,2024-01-24 20:16:00,2024-03-20 07:21:00
802,91,2024-03-28 11:16:00,2024-03-26 13:11:00
803,78,2024-02-21 23:50:00,2024-03-29 06:06:00
804,22,2024-02-21 05:06:00,2024-02-22 11:57:00
805,41,2024-03-27 01:04:00,2024-02-18 00:02:00
806,48,2024-02-27 04:07:00,2024-03-15 06:10:00
807,44,2024-01-12 07:26:00,2024-03-18 03:39:00
808,73,2024-01-17 08:14:00,2024-01-25 23:24:00
809,87,2024-03-23 05:23:00,2024-01-02 18:03:00
810,77,2024-02-29 19:33:00,2024-02-22 03:17:00
811,12,2024-01-21 05:23:00,2024-01-15 01:08:00
812,59,2024-01-25 01:08:00,2024-03-06 20:31:00
813,19,2024-01-06 04:26:00,2024-01-25 06:52:00
814,65,2024-03-02 17:55:00,2024-02-23 07:01:00
815,27,2024-03-27 17:33:00,2024-01-13 19:12:00
816,100,2024-02-09 07:28:00,2024-01-15 01:34:00
817,61,2024-03-17 12:23:00,2024-01-21 16:16:00
818,21,2024-03-27 04:47:00,2024-02-09 05:38:00
819,25,2024-01-07 09:20:00,2024-02-20 20:21:00
820,14,2024-02-04 04:46:00,2024-02-21 18:52:00
821,70,2024-01-03 07:04:00,2024-03-23 19:44:00
822,5,2024-03-21 09:00:00,2024-01-19 01:55:00
823,70,2024-01-19 08:00:00,2024-03-11 08:54:00
824,28,2024-03-07 03:31:00,2024-01-05 01:53:00
825,15,2024-01-02 18:21:00,2024-01-28 06:28:00
826,85,2024-01-09 02:07:00,2024-03-18 23:19:00
827,50,2024-01-10 05:33:00,2024-03-27 06:55:00
828,71,2024-01-27 07:36:00,2024-02-04 19:22:00
829,41,2024-01-09 00:02:00,2024-01-24 13:10:00
830,21,2024-01-02 08:34:00,2024-03-16 16:07:00
831,36,2024-01-17 15:21:00,2024-01-05 04:42:00
832,78,2024-01-12 19:30:00,2024-03-25 00:32:00
833,20,2024-03-12 07:46:00,2024-02-12 08:02:00
834,8,2024-02-01 07:08:00,2024-02-13 08:06:00
835,61,2024-01-09 16:57:00,2024-01-05 14:26:00
836,29,2024-02-16 23:52:00,2024-02-14 08:28:00
837,23,2024-03-12 04:01:00,2024-02-20 17:52:00
838,55,2024-03-31 15:49:00,2024-01-06 17:31:00
839,64,2024-02-28 06:08:00,2024-03-12 06:47:00
840,54,2024-02-11 07:50:00,2024-03-08 03:06:00
841,70,2024-03-17 10:08:00,2024-02-16 21:39:00
842,5,2024-01-24 23:03:00,2024-03-07 15:26:00
843,48,2024-03-15 08:57:00,2024-03-17 13:57:00
844,54,2024-02-26 12:36:00,2024-02-16 15:23:00
845,31,2024-01-14 10:18:00,2024-02-06 20:50:00
846,30,2024-03-02 20:41:00,2024-03-14 04:03:00
847,62,2024-01-05 21:38:00,2024-01-28 22:22:00
848,69,2024-03-03 21:38:00,2024-03-07 23:56:00
849,26,2024-01-02 11:34:00,2024-01-02 06:25:00
850,80,2024-02-22 18:01:00,2024-03-06 04:12:00
851,58,2024-03-17 05:22:00,2024-01-14 03:40:00
852,3,2024-01-13 07:04:00,2024-02-13 08:01:00
853,60,2024-02-23 22:28:00,2024-01-30 22:58:00
854,34,2024-01-18 18:19:00,2024-02-24 06:56:00
855,34,2024-01-30 11:27:00,2024-03-11 06:25:00
856,3,2024-03-10 03:05:00,2024-03-19 01:18:00
857,65,2024-02-03 17:37:00,2024-01-14 02:52:00
858,31,2024-01-07 21:41:00,2024-03-06 20:52:00
859,11,2024-01-29 20:50:00,2024-01-26 01:05:00
860,96,2024-02-15 02:13:00,2024-03-23 09:46:00
861,48,2024-01-01 15:29:00,2024-03-25 14:10:00
862,50,2024-01-10 16:14:00,2024-03-07 13:55:00
863,85,2024-01-18 22:49:00,2024-03-29 15:56:00
864,12,2024-03-01 12:05:00,2024-03-30 07:29:00
865,23,2024-03-31 00:46:00,2024-01-23 17:11:00
866,34,2024-03-12 14:36:00,2024-03-27 10:51:00
867,54,2024-02-16 07:08:00,2024-03-17 14:11:00
868,36,2024-01-22 21:47:00,2024-02-08 03:19:00
869,93,2024-03-05 19:52:00,2024-02-22 01:58:00
870,79,2024-03-31 01:54:00,2024-03-25 11:13:00
871,10,2024-02-08 09:10:00,2024-02-03 18:03:00
872,56,2024-02-27 22:33:00,2024-01-28 14:02:00
873,33,2024-03-23 07:17:00,2024-03-30 05:54:00
874,89,2024-01-04 14:50:00,2024-03-20 09:27:00
875,42,2024-03-22 23:06:00,2024-03-17 00:23:00
876,33,2024-02-13 10:18:00,2024-02-28 03:31:00
877,82,2024-01-02 16:55:00,2024-03-18 23:34:00
878,59,2024-02-10 18:34:00,2024-01-02 01:14:00
879,27,2024-02-19 19:04:00,2024-03-25 18:17:00
880,100,2024-02-16 19:05:00,2024-03-19 05:47:00
881,93,2024-01-23 09:40:00,2024-02-23 22:14:00
882,9,2024-02-11 06:17:00,2024-03-18 22:13:00
883,47,2024-02-17 19:34:00,2024-02-09 14:40:00
884,81,2024-01-05 19:42:00,2024-01-20 15:43:00
885,45,2024-01-25 02:55:00,2024-02-05 07:10:00
886,41,2024-02-28 13:50:00,2024-02-09 04:10:00
887,2,2024-03-28 01:35:00,2024-02-05 10:06:00
888,4,2024-02-19 11:24:00,2024-03-06 10:31:00
889,86,2024-03-11 03:57:00,2024-03-20 04:41:00
890,65,2024-01-04 08:57:00,2024-03-29 07:12:00
891,73,2024-03-01 15:24:00,2024-02-23 02:41:00
892,70,2024-01-12 18:27:00,2024-02-12 12:34:00
893,29,2024-02-24 17:13:00,2024-01-07 11:10:00
894,19,2024-02-29 01:05:00,2024-03-18 06:55:00
895,20,2024-01-29 10:48:00,2024-01-18 23:38:00
896,42,2024-03-19 13:07:00,2024-02-11 20:15:00
897,22,2024-03-29 10:51:00,2024-02-01 01:39:00
898,1,2024-01-28 08:45:00,2024-02-21 09:18:00
899,77,2024-02-04 04:58:00,2024-01-10 08:48:00
900,73,2024-02-20 05:08:00,2024-01-07 11:31:00
901,70,2024-01-05 04:17:00,2024-01-06 05:17:00
902,49,2024-03-23 15:02:00,2024-03-11 01:31:00
903,29,2024-03-08 02:43:00,2024-03-14 07:37:00
904,79,2024-01-10 19:44:00,2024-03-15 16:13:00
905,73,2024-02-14 11:27:00,2024-02-27 07:40:00
906,100,2024-03-28 02:46:00,2024-01-11 21:10:00
907,72,2024-02-01 10:23:00,2024-03-07 09:13:00
908,28,2024-03-04 12:56:00,2024-01-19 13:13:00
909,28,2024-01-22 08:40:00,2024-02-15 19:47:00
910,96,2024-03-19 10:24:00,2024-02-17 23:54:00
911,65,2024-02-07 14:32:00,2024-03-30 09:11:00
912,6,2024-02-02 22:58:00,2024-03-07 11:29:00
913,82,2024-01-10 18:15:00,2024-02-17 02:29:00
914,27,2024-02-01 18:21:00,2024-03-04 04:10:00
915,45,2024-03-07 15:56:00,2024-01-23 20:56:00
916,49,2024-01-29 15:39:00,2024-01-09 16:04:00
917,10,2024-01-30 10:26:00,2024-03-08 00:09:00
918,29,2024-02-01 03:06:00,2024-01-27 22:56:00
919,97,2024-02-09 06:23:00,2024-01-17 14:14:00
920,18,2024-03-30 03:55:00,2024-01-04 07:48:00
921,29,2024-02-27 00:32:00,2024-02-20 01:36:00
922,27,2024-02-24 20:49:00,2024-01-07 06:42:00
923,94,2024-01-20 08:57:00,2024-03-23 09:08:00
924,94,2024-03-07 05:41:00,2024-03-26 01:45:00
925,65,2024-03-21 09:16:00,2024-02-09 05:54:00
926,92,2024-02-07 11:39:00,2024-03-25 22:14:00
927,37,2024-03-11 14:48:00,2024-02-02 15:49:00
928,4,2024-01-07 06:24:00,2024-03-13 01:49:00
929,85,2024-01-14 22:39:00,2024-01-10 04:52:00
930,60,2024-03-23 16:24:00,2024-02-07 11:39:00
931,67,2024-03-10 07:57:00,2024-03-06 07:44:00
932,15,2024-03-17 04:20:00,2024-02-19 19:03:00
933,60,2024-02-27 15:40:00,2024-01-27 20:37:00
934,65,2024-03-29 22:09:00,2024-02-21 11:24:00
935,92,2024-02-23 13:03:00,2024-02-21 09:39:00
936,45,2024-01-02 07:31:00,2024-03-24 13:32:00
937,91,2024-03-22 02:32:00,2024-03-25 18:22:00
938,30,2024-02-18 02:50:00,2024-02-05 02:15:00
939,28,2024-03-30 09:08:00,2024-02-05 19:49:00
940,25,2024-01-13 21:28:00,2024-01-08 06:49:00
941,94,2024-03-25 19:21:00,2024-03-28 14:43:00
942,98,2024-02-17 06:23:00,2024-02-11 20:04:00
943,82,2024-03-23 10:45:00,2024-03-12 16:45:00
944,40,2024-02-20 20:09:00,2024-01-28 03:59:00
945,74,2024-01-19 15:02:00,2024-01-02 06:31:00
946,86,2024-03-06 21:54:00,2024-01-20 10:18:00
947,50,2024-03-07 00:33:00,2024-02-08 13:20:00
948,41,2024-03-11 13:09:00,2024-01-11 06:55:00
949,39,2024-01-01 04:26:00,2024-01-02 02:22:00
950,59,2024-03-25 03:34:00,2024-02-14 21:56:00
951,1,2024-03-12 01:06:00,2024-01-23 21:35:00
952,23,2024-03-24 01:53:00,2024-02-17 01:10:00
953,3,2024-03-09 07:44:00,2024-01-10 10:57:00
954,71,2024-02-05 15:37:00,2024-03-09 05:42:00
955,99,2024-01-06 11:49:00,2024-03-22 07:07:00
956,50,2024-01-16 16:16:00,2024-03-01 18:18:00
957,16,2024-03-29 01:52:00,2024-03-22 10:57:00
958,53,2024-02-13 09:11:00,2024-03-25 19:58:00
959,41,2024-03-29 18:29:00,2024-03-18 06:23:00
960,33,2024-02-13 07:49:00,2024-03-14 03:03:00
961,95,2024-02-27 08:20:00,2024-03-26 09:22:00
962,71,2024-02-26 03:18:00,2024-01-20 18:46:00
963,95,2024-02-15 05:37:00,2024-02-09 00:09:00
964,91,2024-02-23 05:36:00,2024-01-02 23:58:00
965,23,2024-01-14 02:06:00,2024-03-22 13:57:00
966,25,2024-02-19 03:37:00,2024-03-10 10:37:00
967,34,2024-03-18 13:40:00,2024-01-26 03:43:00
968,68,2024-03-20 04:21:00,2024-03-22 12:16:00
969,100,2024-02-14 16:15:00,2024-02-02 10:01:00
970,92,2024-02-17 12:09:00,2024-02-21 05:16:00
971,61,2024-01-23 22:19:00,2024-02-05 19:56:00
972,94,2024-01-31 03:55:00,2024-03-30 09:53:00
973,89,2024-02-24 19:49:00,2024-01-14 21:46:00
974,34,2024-03-07 09:51:00,2024-03-08 11:17:00
975,67,2024-01-22 15:58:00,2024-03-24 22:14:00
976,40,2024-02-10 19:03:00,2024-02-04 23:02:00
977,23,2024-02-29 17:52:00,2024-01-05 17:49:00
978,46,2024-01-12 14:25:00,2024-02-10 02:26:00
979,9,2024-03-17 03:35:00,2024-01-08 18:32:00
980,23,2024-01-21 18:02:00,2024-01-04 14:06:00
981,62,2024-01-16 11:41:00,2024-03-08 02:46:00
982,34,2024-02-08 07:41:00,2024-03-06 12:22:00
983,47,2024-03-11 18:39:00,2024-02-19 09:54:00
984,81,2024-01-02 07:28:00,2024-03-06 10:57:00
985,16,2024-03-28 20:59:00,2024-02-28 07:59:00
986,13,2024-03-03 16:09:00,2024-01-03 03:16:00
987,87,2024-01-21 18:58:00,2024-02-07 04:44:00
988,48,2024-02-19 16:27:00,2024-02-23 06:29:00
989,61,2024-03-11 22:10:00,2024-03-03 16:47:00
990,85,2024-03-11 19:23:00,2024-03-06 15:21:00
991,88,2024-01-24 03:24:00,2024-01-24 02:31:00
992,39,2024-03-07 21:55:00,2024-03-24 10:03:00
993,40,2024-01-13 14:28:00,2024-01-03 10:16:00
994,81,2024-03-02 10:53:00,2024-02-01 07:23:00
995,67,2024-01-10 20:14:00,2024-02-03 06:09:00
996,22,2024-01-26 05:27:00,2024-01-04 00:50:00
997,86,2024-03-23 21:47:00,2024-03-18 04:51:00
998,89,2024-03-04 18:12:00,2024-03-23 03:20:00
999,49,2024-03-20 20:43:00,2024-03-14 06:27:00
1000,77,2024-03-18 08:28:00,2024-02-24 05:06:00
